Player,Span,Team,Country,SR,Bowling Style,Runs,HS,Bat Av,100,Wkts,BBI,Bowl Av,5,Ct,St,Ave Diff
A Dananjaya,2023-2023,Durban's Super Giants,Sri Lanka,77.2,Offbreak,280.0,28,8.00,0.0,159,4/17,21.80,0,45.0,0.0,-13.80
BR McDermott,2023-2023,Durban's Super Giants,Australia,136.2,Medium,4913.0,127,29.95,3.0,-,-,-,-,106.0,15.0,-
C Jonker,2023-2023,Durban's Super Giants,South Africa,126.2,Medium,2477.0,66*,26.35,0.0,5,2/21,27.40,0,46.0,0.0,-1.04
CJ Dala,2023-2025,Durban's Super Giants,South Africa,92.5,Medium,233.0,27*,12.26,0.0,145,5/26,23.60,1,35.0,0.0,-11.34
D Pretorius,2023-2025,Durban's Super Giants,South Africa,138.4,Medium,2969.0,77*,19.92,0.0,246,5/17,24.26,1,55.0,0.0,-4.33
DJ Willey,2023-2023,Durban's Super Giants,England,135.9,Medium,4773.0,118,22.30,2.0,362,4/7,23.45,0,165.0,0.0,-1.14
GC Viljoen,2023-2023,Durban's Super Giants,Chittagong Vikings,122.4,Medium,953.0,44,14.66,0.0,189,5/16,25.56,1,30.0,0.0,-10.90
H Klaasen,2023-2025,Durban's Super Giants,South Africa,155.2,,5927.0,105*,31.19,3.0,1,1/12,68.00,0,127.0,34.0,-36.80
JO Holder,2023-2023,Durban's Super Giants,West Indies,137.0,Medium,3035.0,69,18.61,0.0,324,5/27,27.61,1,153.0,0.0,-8.99
KA Maharaj,2023-2025,Durban's Super Giants,South Africa,92.6,Orthodox,768.0,45*,15.05,0.0,162,4/15,28.05,0,63.0,0.0,-12.99
KMA Paul,2023-2024,Durban's Super Giants,West Indies,125.3,Medium,1262.0,56,16.82,0.0,92,5/15,30.86,1,59.0,0.0,-14.04
KR Mayers,2023-2024,Durban's Super Giants,West Indies,135.3,Medium,4196.0,92,23.44,0.0,68,4/4,33.14,0,62.0,0.0,-9.70
MP Breetzke,2023-2025,Durban's Super Giants,South Africa,136.9,,3200.0,94,29.62,0.0,-,-,-,-,45.0,1.0,-
P Subrayen,2023-2025,Durban's Super Giants,Dolphins,62.2,Offbreak,492.0,35*,16.96,0.0,110,4/22,23.15,0,27.0,0.0,-6.18
PWA Mulder,2023-2025,Durban's Super Giants,South Africa,131.1,Medium,2181.0,83*,26.92,0.0,67,4/14,29.20,0,58.0,0.0,-2.28
Q de Kock,2023-2025,Durban's Super Giants,South Africa,137.7,,11421.0,140*,31.20,7.0,-,-,-,-,286.0,57.0,-
RJW Topley,2023-2024,Durban's Super Giants,England,96.2,Medium,122.0,14*,12.20,0.0,240,4/20,23.37,0,41.0,0.0,-11.17
SR Harmer,2023-2023,Durban's Super Giants,Jozi Stars,130.2,Offbreak,1301.0,55,15.12,0.0,178,4/18,28.47,0,120.0,0.0,-13.34
JT Smuts,2024-2025,Durban's Super Giants,South Africa,122.8,Orthodox,4893.0,121,25.75,3.0,124,3/12,28.84,0,48.0,0.0,-3.09
MP Stoinis,2024-2025,Durban's Super Giants,Australia,137.1,Medium,6843.0,147*,29.36,2.0,179,4/15,26.84,0,85.0,0.0,2.52
N Pooran,2024-2024,Durban's Super Giants,West Indies,149.6,,9951.0,108*,30.15,4.0,-,-,-,-,243.0,36.0,-
Naveen-ul-Haq,2024-2025,Durban's Super Giants,Afghanistan,98.0,Medium,365.0,30*,8.69,0.0,267,5/11,24.26,1,60.0,0.0,-15.57
Noor Ahmad,2024-2025,Durban's Super Giants,Afghanistan,95.8,Chinaman,221.0,20,6.13,0.0,209,5/11,21.51,2,40.0,0.0,-15.37
PBB Rajapaksa,2024-2024,Durban's Super Giants,Sri Lanka,137.2,Medium,4176.0,100,22.81,1.0,28,3/11,18.42,0,62.0,1.0,4.39
RJ Gleeson,2024-2024,Durban's Super Giants,England,70.8,Medium,65.0,8,4.64,0.0,149,5/33,23.55,1,25.0,0.0,-18.90
T de Zorzi,2024-2024,Durban's Super Giants,Tshwane Spartans,115.0,Offbreak,1347.0,106*,19.52,1.0,0,-,-,0,16.0,0.0,-
B Parsons,2025-2025,Durban's Super Giants,Durban's Super Giants,136.5,Orthodox,654.0,102*,21.09,1.0,11,3/22,26.63,0,13.0,0.0,-5.53
BA King,2025-2025,Durban's Super Giants,West Indies,132.5,,3938.0,132*,26.60,2.0,-,-,-,-,66.0,0.0,-
CJ King,2025-2025,Durban's Super Giants,Durban's Super Giants,,Medium,32.0,17,16.00,0.0,11,3/18,17.54,0,3.0,0.0,-1.54
CR Woakes,2025-2025,Durban's Super Giants,England,125.9,Medium,1031.0,57*,20.21,0.0,177,4/21,25.24,0,64.0,0.0,-5.02
JF Smith,2025-2025,Durban's Super Giants,South Africa,87.5,Medium,1546.0,79*,28.62,0.0,33,4/4,22.30,0,27.0,0.0,6.32
KS Williamson,2025-2025,Durban's Super Giants,New Zealand,125.3,Offbreak,7275.0,101*,31.76,1.0,30,3/33,30.30,0,125.0,0.0,1.46
AM Phangiso,2023-2024,Joburg Super Kings,South Africa,79.6,Orthodox,518.0,29*,11.77,0.0,190,4/20,23.00,0,58.0,0.0,-11.22
AS Joseph,2023-2023,Joburg Super Kings,West Indies,107.1,Medium,484.0,29*,13.08,0.0,200,6/12,25.70,2,57.0,0.0,-12.62
BS Makhanya,2023-2025,Joburg Super Kings,Cape Town Blitz,121.1,Medium,1393.0,63*,21.10,0.0,7,3/21,54.42,0,27.0,0.0,-33.32
D Ferreira,2023-2025,Joburg Super Kings,South Africa,173.2,Offbreak,2256.0,82*,29.29,0.0,20,3/23,30.45,0,71.0,8.0,-1.15
F du Plessis,2023-2025,Joburg Super Kings,South Africa,139.2,Legbreak,11906.0,120*,32.88,8.0,50,5/19,18.34,2,211.0,0.0,14.54
G Coetzee,2023-2025,Joburg Super Kings,South Africa,101.5,Fast,362.0,37,8.82,0.0,96,4/19,23.63,0,19.0,0.0,-14.80
GHS Garton,2023-2023,Joburg Super Kings,England,134.6,Fast,833.0,46,14.87,0.0,98,4/16,26.73,0,36.0,0.0,-11.85
JL du Plooy,2023-2025,Joburg Super Kings,Dubai Capitals,138.0,Orthodox,4009.0,92,28.84,0.0,14,4/15,22.00,0,85.0,0.0,6.84
JN Malan,2023-2023,Joburg Super Kings,South Africa,131.5,Legbreak,2472.0,128*,29.42,3.0,-,-,-,-,44.0,0.0,-
K Verreynne,2023-2023,Joburg Super Kings,Cape Town Blitz,144.4,Offbreak,1620.0,116*,26.12,1.0,-,-,-,-,37.0,5.0,-
KI Simmonds,2023-2024,Joburg Super Kings,Joburg Super Kings,82.1,Orthodox,275.0,46*,13.75,0.0,51,3/14,20.09,0,15.0,0.0,-6.34
L Gregory,2023-2023,Joburg Super Kings,England,140.8,Medium,3139.0,76*,21.06,0.0,214,5/24,26.00,1,113.0,0.0,-4.93
LB Williams,2023-2024,Joburg Super Kings,South Africa,57.4,Medium,85.0,17*,8.50,0.0,111,4/13,21.16,0,20.0,0.0,-12.66
M Theekshana,2023-2025,Joburg Super Kings,Sri Lanka,68.1,Offbreak,249.0,15,6.07,0.0,210,4/15,25.95,0,42.0,0.0,-19.87
MP Siboto,2023-2023,Joburg Super Kings,Cape Town Blitz,104.8,Medium,131.0,19,10.07,0.0,121,4/19,26.66,0,28.0,0.0,-16.58
MS Wade,2023-2023,Joburg Super Kings,Australia,137.4,,5267.0,130*,26.73,1.0,-,-,-,-,150.0,20.0,-
N Brand,2023-2023,Joburg Super Kings,Joburg Super Kings,100.0,Orthodox,441.0,42,19.17,0.0,19,3/24,19.63,0,10.0,0.0,-0.45
N Burger,2023-2024,Joburg Super Kings,South Africa,54.4,Medium,66.0,9,5.50,0.0,88,3/10,23.46,0,23.0,0.0,-17.96
R Shepherd,2023-2024,Joburg Super Kings,West Indies,155.5,Medium,2173.0,73*,23.36,0.0,189,4/13,26.00,0,45.0,0.0,-2.63
RR Hendricks,2023-2024,Joburg Super Kings,South Africa,128.7,Medium,7790.0,117,34.16,5.0,8,2/7,33.50,0,118.0,0.0,0.66
AD Galiem,2024-2024,Joburg Super Kings,South Africa,87.2,Medium,756.0,74*,21.60,0.0,56,4/11,26.28,0,23.0,0.0,-4.68
D Wiese,2024-2025,Joburg Super Kings,South Africa,141.5,Medium,4519.0,79*,22.59,0.0,334,5/19,26.24,7,154.0,0.0,-3.65
DAJ Bracewell,2024-2024,Joburg Super Kings,New Zealand,153.8,Medium,1274.0,93*,27.69,0.0,103,3/19,24.98,0,41.0,0.0,2.71
Imran Tahir,2024-2025,Joburg Super Kings,South Africa,101.3,Legbreak,387.0,23,8.79,0.0,567,5/21,19.53,5,107.0,0.0,-10.74
MM Ali,2024-2025,Joburg Super Kings,England,139.7,Offbreak,7450.0,121*,23.65,3.0,263,5/34,24.78,1,123.0,0.0,-1.13
R Herrmann,2024-2024,Joburg Super Kings,Joburg Super Kings,88.2,,201.0,44,16.75,0.0,-,-,-,-,6.0,0.0,-
SJ Cook,2024-2024,Joburg Super Kings,Joburg Super Kings,95.6,Fast,65.0,18,6.50,0.0,102,4/15,27.16,0,29.0,0.0,-20.66
WL Madsen,2024-2024,Joburg Super Kings,Italy,138.4,Offbreak,5406.0,109*,31.06,2.0,22,2/20,36.81,0,86.0,0.0,-5.74
Zahir Khan,2024-2024,Joburg Super Kings,Afghanistan,76.9,Chinaman,106.0,19*,4.60,0.0,142,5/19,24.05,1,13.0,0.0,-19.44
DP Conway,2025-2025,Joburg Super Kings,New Zealand,132.7,Medium,6725.0,105*,40.75,2.0,3,1/10,47.00,0,95.0,9.0,-6.24
E Jones,2025-2025,Joburg Super Kings,Central Sparks,101.9,Medium,564.0,83,23.50,0.0,48,4/32,23.97,0,25.0,0.0,-0.47
GC Viljoen,2025-2025,Joburg Super Kings,Chittagong Vikings,122.4,Medium,953.0,44,14.66,0.0,189,5/16,25.56,1,30.0,0.0,-10.90
JM Bairstow,2025-2025,Joburg Super Kings,England,141.8,,5895.0,116,30.70,5.0,-,-,-,-,131.0,16.0,-
JP King,2025-2025,Joburg Super Kings,Joburg Super Kings,90.0,Offbreak,263.0,61,23.90,0.0,7,2/13,29.42,0,6.0,0.0,-5.51
L Sipamla,2025-2025,Joburg Super Kings,South Africa,72.4,Fast,49.0,13*,8.16,0.0,82,4/12,24.97,0,31.0,0.0,-16.80
M Pathirana,2025-2025,Joburg Super Kings,Sri Lanka,55.2,Medium,38.0,8,3.80,0.0,132,4/20,21.46,0,26.0,0.0,-17.66
T Shamsi,2025-2025,Joburg Super Kings,South Africa,51.5,Chinaman,95.0,15*,4.52,0.0,348,5/24,22.32,1,40.0,0.0,-17.80
WJ Lubbe,2025-2025,Joburg Super Kings,South Africa,128.9,Offbreak,2302.0,102,22.13,1.0,28,3/20,34.35,0,35.0,0.0,-12.22
BE Hendricks,2023-2024,MI Cape Town,South Africa,77.1,Medium,119.0,23*,9.91,0.0,142,6/29,24.10,1,31.0,0.0,-14.18
D Brevis,2023-2025,MI Cape Town,South Africa,154.9,Legbreak,2518.0,162,28.94,2.0,18,2/19,21.27,0,53.0,0.0,7.66
D Jansen,2023-2023,MI Cape Town,Isle of Man,101.2,Medium,294.0,41,15.47,0.0,35,3/27,30.48,0,19.0,0.0,-15.01
D Potgieter,2023-2025,MI Cape Town,St Lucia Kings,144.5,Medium,1253.0,71,30.56,0.0,46,5/10,17.50,2,23.0,0.0,13.06
G Roelofsen,2023-2023,MI Cape Town,MI Cape Town,125.5,,2066.0,91,29.94,0.0,-,-,-,-,52.0,13.0,-
GF Linde,2023-2025,MI Cape Town,South Africa,139.5,Orthodox,2417.0,66*,19.49,0.0,194,4/19,26.33,0,58.0,0.0,-6.84
HE van der Dussen,2023-2025,MI Cape Town,South Africa,130.3,Legbreak,6773.0,112*,36.80,5.0,3,2/15,18.33,0,72.0,0.0,18.47
JC Archer,2023-2023,MI Cape Town,England,138.3,Fast,715.0,36,14.30,0.0,225,4/18,23.47,0,57.0,0.0,-9.17
K Rabada,2023-2025,MI Cape Town,South Africa,109.2,Fast,502.0,44,10.91,0.0,284,4/21,23.69,0,76.0,0.0,-12.77
OF Smith,2023-2023,MI Cape Town,West Indies,128.8,Medium,818.0,44,16.69,0.0,101,4/30,27.90,0,36.0,0.0,-11.20
OP Stone,2023-2024,MI Cape Town,England,89.2,Fast,173.0,22*,6.65,0.0,113,4/14,27.31,0,37.0,0.0,-20.66
RD Rickelton,2023-2025,MI Cape Town,South Africa,146.7,,3553.0,103*,29.60,1.0,1,1/14,14.00,0,84.0,13.0,15.60
Rashid Khan,2023-2025,MI Cape Town,Afghanistan,142.2,Legbreak,2773.0,79*,13.93,0.0,672,6/17,18.46,4,173.0,0.0,-4.53
SM Curran,2023-2024,MI Cape Town,England,137.5,Medium,4825.0,102*,24.36,1.0,291,5/10,27.90,4,117.0,0.0,-3.53
TH David,2023-2023,MI Cape Town,Singapore,161.9,Offbreak,5833.0,102*,30.86,1.0,15,1/0,64.06,0,170.0,0.0,-33.20
WB Marshall,2023-2023,MI Cape Town,Durban Heat,116.7,Medium,1172.0,87,25.47,0.0,-,-,-,-,22.0,0.0,-
Waqar Salamkheil,2023-2023,MI Cape Town,Hobart Hurricanes,48.8,Chinaman,23.0,7,11.50,0.0,113,4/14,21.49,0,7.0,0.0,-9.99
C Esterhuizen,2024-2025,MI Cape Town,Abu Dhabi Knight Riders,116.0,,475.0,69,33.92,0.0,-,-,-,-,14.0,1.0,-
KA Pollard,2024-2024,MI Cape Town,West Indies,149.9,Medium,14216.0,104,31.87,1.0,333,4/15,25.33,0,397.0,0.0,6.53
LS Livingstone,2024-2024,MI Cape Town,England,144.4,Legbreak,7385.0,103,28.18,2.0,143,4/17,25.76,0,126.0,0.0,2.42
N Thushara,2024-2024,MI Cape Town,Sri Lanka,65.1,Medium,40.0,7*,4.00,0.0,170,5/13,19.84,2,15.0,0.0,-15.84
N van Heerden,2024-2024,MI Cape Town,MI Cape Town,,Fast,20.0,15,10.00,0.0,20,4/23,34.95,0,8.0,0.0,-24.94
TP Kaber,2024-2025,MI Cape Town,MI Cape Town,117.2,Chinaman,374.0,57*,15.58,0.0,54,3/11,19.79,0,13.0,0.0,-4.21
Azmatullah Omarzai,2025-2025,MI Cape Town,Afghanistan,130.8,Medium,1527.0,62*,18.17,0.0,129,4/9,27.12,0,39.0,0.0,-8.94
C Bosch,2025-2025,MI Cape Town,South Africa,111.4,Medium,747.0,81,17.78,0.0,70,4/19,31.64,0,41.0,0.0,-13.85
CA Ingram,2025-2025,MI Cape Town,South Africa,140.9,,9010.0,127*,28.33,4.0,40,4/32,32.97,0,124.0,0.0,-4.64
CG Benjamin,2025-2025,MI Cape Town,Sharjah Warriors,136.7,Medium,998.0,68*,19.96,0.0,-,-,-,-,33.0,1.0,-
DL Piedt,2025-2025,MI Cape Town,Cape Cobras,92.3,Offbreak,103.0,29*,10.30,0.0,33,3/24,33.93,0,12.0,0.0,-23.63
MJ Potts,2025-2025,MI Cape Town,England,124.1,Medium,236.0,40*,14.75,0.0,90,5/17,24.36,1,30.0,0.0,-9.61
RR Hendricks,2025-2025,MI Cape Town,South Africa,128.7,Medium,7790.0,117,34.16,5.0,8,2/7,33.50,0,118.0,0.0,0.66
Sediqullah Atal,2025-2025,MI Cape Town,Afghanistan,123.7,,2211.0,95*,35.09,0.0,-,-,-,-,28.0,0.0,-
T Luus,2025-2025,MI Cape Town,MI New York,100.0,Medium,11.0,8,5.50,0.0,9,3/35,24.44,0,2.0,0.0,-18.94
TA Boult,2025-2025,MI Cape Town,New Zealand,116.7,Medium,307.0,23*,10.96,0.0,329,4/13,25.31,0,97.0,0.0,-14.34
AL Phehlukwayo,2023-2025,Paarl Royals,South Africa,116.4,Medium,1027.0,39*,13.16,0.0,121,5/26,26.23,1,19.0,0.0,-13.06
BC Fortuin,2023-2025,Paarl Royals,South Africa,96.9,Orthodox,499.0,32,10.18,0.0,170,4/8,22.28,0,56.0,0.0,-12.09
C Bosch,2023-2023,Paarl Royals,South Africa,111.4,Medium,747.0,81,17.78,0.0,70,4/19,31.64,0,41.0,0.0,-13.85
Codi Yusuf,2023-2024,Paarl Royals,Paarl Royals,100.0,Medium,97.0,25,16.16,0.0,36,3/15,30.88,0,10.0,0.0,-14.72
DA Miller,2023-2025,Paarl Royals,South Africa,137.5,Offbreak,11476.0,120*,35.09,4.0,0,-,-,0,321.0,1.0,-
DJ Vilas,2023-2024,Paarl Royals,Cape Cobras,131.4,,4235.0,75*,28.04,0.0,-,-,-,-,116.0,30.0,-
E Jones,2023-2024,Paarl Royals,Central Sparks,101.9,Medium,564.0,83,23.50,0.0,48,4/32,23.97,0,25.0,0.0,-0.47
EJG Morgan,2023-2023,Paarl Royals,England,130.9,Medium,7780.0,91,26.02,0.0,-,-,-,-,160.0,0.0,-
FD Adams,2023-2023,Paarl Royals,Cape Town Blitz,105.9,Medium,1072.0,80*,19.49,0.0,91,5/23,26.06,1,24.0,0.0,-6.57
I Manack,2023-2023,Paarl Royals,Tshwane Spartans,133.3,Offbreak,151.0,30,10.78,0.0,50,4/14,29.02,0,14.0,0.0,-18.23
JC Buttler,2023-2024,Paarl Royals,England,147.0,,13474.0,124,35.83,8.0,-,-,-,-,287.0,49.0,-
JJ Roy,2023-2024,Paarl Royals,England,140.0,,10554.0,145*,27.20,6.0,1,1/23,39.00,0,202.0,0.0,-11.79
L Ngidi,2023-2025,Paarl Royals,South Africa,77.5,Fast,80.0,13*,6.66,0.0,190,5/39,21.34,1,31.0,0.0,-14.68
M Van Buuren,2023-2025,Paarl Royals,Paarl Royals,107.9,Legbreak,1181.0,72*,26.84,0.0,0,-,-,0,19.0,0.0,-
PR Stirling,2023-2023,Paarl Royals,Ireland,141.4,Offbreak,8889.0,119,24.82,3.0,77,4/10,28.48,0,106.0,0.0,-3.65
RR Simmonds,2023-2023,Paarl Royals,Barbados Royals,230.8,Medium,30.0,13*,-,0.0,23,3/17,24.73,0,3.0,0.0,-
T Shamsi,2023-2024,Paarl Royals,South Africa,51.5,Chinaman,95.0,15*,4.52,0.0,348,5/24,22.32,1,40.0,0.0,-17.80
WJ Lubbe,2023-2024,Paarl Royals,South Africa,128.9,Offbreak,2302.0,102,22.13,1.0,28,3/20,34.35,0,35.0,0.0,-12.22
FA Allen,2024-2024,Paarl Royals,West Indies,141.6,Orthodox,1544.0,64*,17.54,0.0,100,4/24,27.46,0,68.0,0.0,-9.91
JA Turner,2024-2024,Paarl Royals,England,60.0,Medium,12.0,4,6.00,0.0,48,4/23,18.85,0,5.0,0.0,-12.85
N Peter,2024-2025,Paarl Royals,West Indies,116.0,Legbreak,41.0,11*,13.66,0.0,38,4/7,21.28,0,12.0,0.0,-7.62
OC McCoy,2024-2024,Paarl Royals,West Indies,102.1,Medium,182.0,23*,7.58,0.0,189,6/17,24.15,2,28.0,0.0,-16.57
AD Galiem,2025-2025,Paarl Royals,South Africa,87.2,Medium,756.0,74*,21.60,0.0,56,4/11,26.28,0,23.0,0.0,-4.68
D Marais,2025-2025,Paarl Royals,Paarl Royals,66.7,,389.0,87*,27.78,0.0,-,-,-,-,10.0,0.0,-
DN Wellalage,2025-2025,Paarl Royals,Sri Lanka,109.6,Orthodox,564.0,45,17.62,0.0,66,4/10,22.60,0,29.0,0.0,-4.98
E Malinga,2025-2025,Paarl Royals,Sunrisers Hyderabad,109.5,Medium,24.0,15,8.00,0.0,44,4/15,20.29,0,10.0,0.0,-12.29
JE Root,2025-2025,Paarl Royals,England,130.9,Offbreak,3062.0,92*,32.23,0.0,35,2/7,28.05,0,58.0,0.0,4.17
KD Karthik,2025-2025,Paarl Royals,India,136.8,,7537.0,97*,27.01,0.0,1,1/10,28.00,0,236.0,72.0,-0.98
KJ Dudgeon,2025-2025,Paarl Royals,Paarl Royals,50.0,Medium,387.0,36*,16.12,0.0,40,4/5,23.82,0,15.0,0.0,-7.69
KT Maphaka,2025-2025,Paarl Royals,South Africa,94.4,Medium,53.0,22*,26.50,0.0,49,4/18,25.22,0,12.0,0.0,1.27
LG Pretorius,2025-2025,Paarl Royals,South Africa,152.1,,1156.0,97,25.13,0.0,-,-,-,-,20.0,1.0,-
MJ Owen,2025-2025,Paarl Royals,Australia,183.4,Medium,1095.0,108,25.46,2.0,26,5/17,26.84,1,25.0,0.0,-1.38
Mujeeb Ur Rahman,2025-2025,Paarl Royals,Afghanistan,104.2,Offbreak,410.0,34,8.72,0.0,293,5/15,23.64,2,50.0,0.0,-14.92
RA Herman,2025-2025,Paarl Royals,South Africa,129.3,,1248.0,102,32.84,1.0,-,-,-,-,31.0,3.0,-
SR Hain,2025-2025,Paarl Royals,Brisbane Heat,134.1,Offbreak,5053.0,112*,38.57,1.0,-,-,-,-,87.0,0.0,-
A Nortje,2023-2023,Pretoria Capitals,South Africa,95.0,Fast,185.0,25,8.04,0.0,181,4/7,22.90,0,38.0,0.0,-14.85
AU Rashid,2023-2024,Pretoria Capitals,England,108.0,Legbreak,976.0,36*,11.34,0.0,379,4/2,22.97,0,86.0,0.0,-11.62
BKG Mendis,2023-2023,Pretoria Capitals,Sri Lanka,135.5,Legbreak,5101.0,105*,30.18,2.0,0,-,-,0,84.0,23.0,-
C Fortuin,2023-2023,Pretoria Capitals,Pretoria Capitals,78.6,,1368.0,104*,19.82,1.0,-,-,-,-,44.0,19.0,-
CA Ingram,2023-2024,Pretoria Capitals,South Africa,140.9,,9010.0,127*,28.33,4.0,40,4/32,32.97,0,124.0,0.0,-4.64
DM Dupavillon,2023-2025,Pretoria Capitals,Trinbago Knight Riders,75.8,Fast,53.0,8,5.88,0.0,90,5/20,21.90,1,17.0,0.0,-16.01
E Bosch,2023-2025,Pretoria Capitals,Barbados Royals,100.5,Fast,570.0,66,18.38,0.0,72,3/12,25.44,0,30.0,0.0,-7.05
JB Little,2023-2023,Pretoria Capitals,Ireland,82.3,Fast,226.0,27*,13.29,0.0,167,5/13,23.77,1,49.0,0.0,-10.48
JDS Neesham,2023-2025,Pretoria Capitals,New Zealand,140.9,Medium,4441.0,97*,23.49,0.0,260,5/22,25.03,1,124.0,0.0,-1.54
M Pretorius,2023-2025,Pretoria Capitals,Jamaica Tallawahs,122.0,Medium,412.0,38*,10.30,0.0,100,4/14,24.42,0,16.0,0.0,-14.11
PD Salt,2023-2024,Pretoria Capitals,England,155.9,Offbreak,7763.0,141*,28.12,4.0,-,-,-,-,165.0,14.0,-
RR Rossouw,2023-2025,Pretoria Capitals,South Africa,147.9,Offbreak,9434.0,121,29.20,9.0,3,1/3,10.66,0,159.0,0.0,18.54
S Dadswell,2023-2024,Pretoria Capitals,Lahore Qalandars,95.5,Medium,759.0,98*,21.68,0.0,12,2/25,33.33,0,17.0,0.0,-11.64
S Muthusamy,2023-2025,Pretoria Capitals,South Africa,110.7,Orthodox,1207.0,62*,21.55,0.0,70,4/12,21.85,0,41.0,0.0,-0.30
TB de Bruyn,2023-2024,Pretoria Capitals,South Africa,119.6,Medium,2424.0,100,28.18,1.0,1,1/28,94.00,0,32.0,0.0,-65.81
WD Parnell,2023-2024,Pretoria Capitals,South Africa,114.8,Medium,2200.0,99,18.48,0.0,317,5/30,25.40,1,71.0,0.0,-6.91
WG Jacks,2023-2025,Pretoria Capitals,England,155.6,Offbreak,6120.0,108*,29.00,5.0,80,4/15,22.68,0,112.0,0.0,6.31
C Bosch,2024-2024,Pretoria Capitals,South Africa,111.4,Medium,747.0,81,17.78,0.0,70,4/19,31.64,0,41.0,0.0,-13.85
CN Ackermann,2024-2024,Pretoria Capitals,Netherlands,125.1,Offbreak,4615.0,90*,26.07,0.0,93,7/18,28.43,1,95.0,0.0,-2.35
GC Viljoen,2024-2024,Pretoria Capitals,Chittagong Vikings,122.4,Medium,953.0,44,14.66,0.0,189,5/16,25.56,1,30.0,0.0,-10.90
K Verreynne,2024-2025,Pretoria Capitals,Cape Town Blitz,144.4,Offbreak,1620.0,116*,26.12,1.0,-,-,-,-,37.0,5.0,-
AJ Turner,2025-2025,Pretoria Capitals,Australia,140.6,Offbreak,3860.0,84*,24.90,0.0,35,3/20,25.62,0,96.0,0.0,-0.72
GG Peters,2025-2025,Pretoria Capitals,Pretoria Capitals,100.0,Fast,16.0,7*,-,0.0,25,3/23,18.80,0,3.0,0.0,-
JP Behrendorff,2025-2025,Pretoria Capitals,Australia,103.5,Medium,175.0,26,13.46,0.0,213,4/21,22.17,0,56.0,0.0,-8.71
K Lion-Cachet,2025-2025,Pretoria Capitals,South Africa,123.0,,,,,,,,,,,,
KI Simmonds,2025-2025,Pretoria Capitals,Joburg Super Kings,82.1,Orthodox,275.0,46*,13.75,0.0,51,3/14,20.09,0,15.0,0.0,-6.34
LS Livingstone,2025-2025,Pretoria Capitals,England,144.4,Legbreak,7385.0,103,28.18,2.0,143,4/17,25.76,0,126.0,0.0,2.42
M Boast,2025-2025,Pretoria Capitals,Pretoria Capitals,144.4,Fast,155.0,53,25.83,0.0,10,3/22,20.40,0,3.0,0.0,5.43
MJ Ackerman,2025-2025,Pretoria Capitals,Cape Town Blitz,120.0,Offbreak,1336.0,74,25.69,0.0,1,1/3,88.00,0,36.0,0.0,-62.30
Rahmanullah Gurbaz,2025-2025,Pretoria Capitals,Afghanistan,142.7,,5604.0,121*,24.68,2.0,1,1/2,11.00,0,126.0,17.0,13.68
S Stolk,2025-2025,Pretoria Capitals,Pretoria Capitals,95.2,,68.0,22,9.71,0.0,-,-,-,-,3.0,0.0,-
T van Vuuren,2025-2025,Pretoria Capitals,Pretoria Capitals,,Medium,197.0,42*,17.90,0.0,11,2/33,64.45,0,9.0,0.0,-46.54
TS Rogers,2025-2025,Pretoria Capitals,Hobart Hurricanes,126.0,Medium,363.0,49*,15.78,0.0,91,5/16,25.68,1,34.0,0.0,-9.89
WCF Smeed,2025-2025,Pretoria Capitals,St Kitts and Nevis Patriots,148.7,Offbreak,3371.0,101*,27.40,1.0,-,-,-,-,59.0,0.0,-
A Gqamane,2023-2023,Sunrisers Eastern Cape,Cape Town Blitz,200.0,Medium,502.0,42,13.21,0.0,49,3/20,35.69,0,30.0,0.0,-22.48
AK Markram,2023-2025,Sunrisers Eastern Cape,South Africa,136.8,Offbreak,4950.0,100,30.74,1.0,47,3/21,31.25,0,107.0,0.0,-0.50
AM Rossington,2023-2024,Sunrisers Eastern Cape,Durdanto Dhaka,146.5,,3576.0,95,20.79,0.0,-,-,-,-,82.0,33.0,-
BA Carse,2023-2023,Sunrisers Eastern Cape,England,139.7,Fast,789.0,58,17.15,0.0,55,3/23,36.47,0,35.0,0.0,-19.32
J Hermann,2023-2025,Sunrisers Eastern Cape,Sunrisers Eastern Cape,113.3,,1383.0,106*,30.73,2.0,0,-,-,0,23.0,0.0,-
JK Fuller,2023-2023,Sunrisers Eastern Cape,Fortune Barishal,140.2,Fast,2057.0,57,19.97,0.0,184,6/28,25.96,1,85.0,0.0,-5.99
JM Cox,2023-2023,Sunrisers Eastern Cape,England,142.8,,3510.0,139*,30.78,1.0,-,-,-,-,102.0,7.0,-
JT Smuts,2023-2023,Sunrisers Eastern Cape,South Africa,122.8,Orthodox,4893.0,121,25.75,3.0,124,3/12,28.84,0,48.0,0.0,-3.09
M Jansen,2023-2025,Sunrisers Eastern Cape,South Africa,136.9,Fast,983.0,71*,20.47,0.0,130,5/30,26.43,1,61.0,0.0,-5.95
MJ Ackerman,2023-2023,Sunrisers Eastern Cape,Cape Town Blitz,120.0,Offbreak,1336.0,74,25.69,0.0,1,1/3,88.00,0,36.0,0.0,-62.30
MS Crane,2023-2023,Sunrisers Eastern Cape,England,95.5,Legbreak,192.0,25,17.45,0.0,135,4/20,22.97,0,32.0,0.0,-5.52
OEG Baartman,2023-2025,Sunrisers Eastern Cape,South Africa,42.1,Medium,15.0,5,2.50,0.0,132,5/14,18.18,1,24.0,0.0,-15.68
RE van der Merwe,2023-2023,Sunrisers Eastern Cape,South Africa,134.9,Orthodox,3143.0,89*,21.38,0.0,338,6/20,23.89,2,150.0,0.0,-2.51
SJ Erwee,2023-2023,Sunrisers Eastern Cape,Durban Heat,119.9,Offbreak,1602.0,103*,23.55,1.0,6,2/14,10.66,0,31.0,0.0,12.89
SSB Magala,2023-2023,Sunrisers Eastern Cape,South Africa,114.1,Medium,753.0,63,17.92,0.0,140,5/20,24.26,2,26.0,0.0,-6.33
T Bavuma,2023-2024,Sunrisers Eastern Cape,South Africa,120.5,Medium,2653.0,104,27.07,1.0,-,-,-,-,54.0,0.0,-
T Stubbs,2023-2025,Sunrisers Eastern Cape,South Africa,144.2,Offbreak,2999.0,80*,32.24,0.0,11,2/6,29.90,0,85.0,4.0,2.33
TB Abell,2023-2025,Sunrisers Eastern Cape,Brisbane Heat,133.5,Medium,3715.0,101*,29.25,1.0,2,1/11,50.00,0,98.0,0.0,-20.74
B Swanepoel,2024-2025,Sunrisers Eastern Cape,Sunrisers Eastern Cape,72.2,Fast,390.0,83,17.72,0.0,44,5/39,27.09,1,12.0,0.0,-9.36
DJ Malan,2024-2024,Sunrisers Eastern Cape,England,131.8,Legbreak,10501.0,117,32.81,5.0,23,2/10,31.39,0,132.0,0.0,1.42
DJ Worrall,2024-2024,Sunrisers Eastern Cape,Melbourne Stars,99.5,Medium,178.0,62*,11.86,0.0,104,4/23,28.69,0,27.0,0.0,-16.82
LA Dawson,2024-2025,Sunrisers Eastern Cape,England,121.4,Orthodox,2888.0,82,17.60,0.0,270,5/17,25.39,1,125.0,0.0,-7.78
PE Kruger,2024-2025,Sunrisers Eastern Cape,South Africa,119.1,Medium,2055.0,86*,24.17,0.0,50,4/27,25.92,0,60.0,0.0,-1.74
SR Harmer,2024-2025,Sunrisers Eastern Cape,Jozi Stars,130.2,Offbreak,1301.0,55,15.12,0.0,178,4/18,28.47,0,120.0,0.0,-13.34
A Simelane,2025-2025,Sunrisers Eastern Cape,South Africa,81.7,Fast,136.0,22,8.00,0.0,26,4/19,23.65,0,10.0,0.0,-15.65
C Overton,2025-2025,Sunrisers Eastern Cape,MI Emirates,133.1,Medium,596.0,42,15.68,0.0,141,4/25,26.31,0,98.0,0.0,-10.62
DG Bedingham,2025-2025,Sunrisers Eastern Cape,Cape Town Blitz,133.2,,1671.0,78,21.42,0.0,-,-,-,-,20.0,1.0,-
RJ Gleeson,2025-2025,Sunrisers Eastern Cape,England,70.8,Medium,65.0,8,4.64,0.0,149,5/33,23.55,1,25.0,0.0,-18.90
T de Zorzi,2025-2025,Sunrisers Eastern Cape,Tshwane Spartans,115.0,Offbreak,1347.0,106*,19.52,1.0,0,-,-,0,16.0,0.0,-
Z Crawley,2025-2025,Sunrisers Eastern Cape,Hobart Hurricanes,139.2,Offbreak,2381.0,108*,27.36,1.0,-,-,-,-,48.0,0.0,-
